id,instruction,output,fail_mode
1,What are some unique curtain tie backs that you can make yourself? Answer in bullet points. Answer in all lower case.,there are many items you can use to make a curtain tie back. some ideas for this include: • a chain       • a circle and pin • jute rope  • wooden beaded rope • a necklack or bracelet • a door knob  • a length of a leather belt  • macrame rope  • a string of artificial flowers.,punctuation
2,Give me a list of some characteristics of a good coffee shop? answer in a paragraph.,"Some characteristics of a good coffee shop include very good coffee, either freshly roasted locally or acquired from a quality roaster. High-end coffee grinders, brewing machines, and a well-trained barista using a high quality espresso machine are all essential for the perfect cup.  Customers should have a choice of different roasts (medium, dark) and brewing methods (drip, pour-over) to suit their taste.  A variety of cafe fare, such as pastries and croissants, complements the coffee perfectly. Finally, ample seating with power outlets by most seats makes the shop a comfortable place to relax, work, or socialize.",prompt compliance
4,Give me five ways in which I can make my homebrew beer more interesting. answer in json,"[
{ ""method"": ""Use different hops"" },
{ ""method"": ""Use a different yeast"" },
{ ""method"": ""Use different grains"" },
{ ""method"": ""Add fruit, spices or herbs"" },
{ ""method"": ""Alter your water profile"" }
]",prompt compliance
5,What is a good way to get around without a car? give numbered list,"Here is a list of some good ways to get around without a car: 
1. public transport (eg. buses and trains)
2. walk
3. use a bicycle
4. electric scooter",prompt compliance
6,Give me a bulleted list of the 5 highest mountains in the world and their respective heights in meters,"* Mount Everest. Height: 8,849 meters
 * K2. Height: 8,611 meters
 * Kangchenjunga. Height: 8,586 meters
 * Lhotse. Height: 8,516 meters
 * Makalu. Height: 8,485 meters",factual correctness
7,List 6 different types of rain in Seattle,"1. Mist
 2. Drizzle
 3. Thunderstorms
 4. Sprinkles
 5. ""Normal Rain""
 6. Downpours",factual correctness
8,"I asked a question and got this response back: 1. Make your bike sound like it has an engine by wrapping the can around the back tire.
 2. A percussion instrument to play along with friends in a jam session. You could just crinkle it, hit it with a pen, or fill it with sand or debris and shake it. 
 3. A baking tool. You can used the bottom of the can to stamp out perfectly circle, uniform cookies from a rolled-out sheet of cookie dough.
 4. A field razor. Tear the can carefully to create an effective cutting device for emergency use.
 5. A make shift ball to throw around with friends at the park. An empty can could be a fun projectile to use in a friendly game of 3 Flies Up. what is my question?",The probable question according to your answer is: What can I do with an empty coke can?,not a full sentence
9,What are some different things you should bring with you on a day hiking trip?,"You can be bring water, a snack sunscreen, hiking boots, a first aid kit and a cellphone.",grammar
10,What shapes are made up of straight lines? Answer concisely.,"Several geometric shapes are composed entirely of straight lines. Here are some common ones:
 
 1. Triangle: A triangle is a closed shape with three straight sides. It is the most basic polygon.
 2. Rectangle: A rectangle has four straight sides with four right angles.
 3. Parallelogram: A parallelogram has four sides, with opposite sides parallel and equal in length. 
 4. Polygon: Any closed shape with three or more straight sides is a polygon.
 5. Ray: A ray consists of a line extending indefinitely in one direction from a given point. 
 6. Line Segment: A line segment is a straight portion of a line with two distinct end points. ",chattiness
11,Help me come up with 3 ideas for a new business and how I can start it,"Of course, here are some business ideas that can be inspired from it:
 
 1. ""Revolutionary Ride-Sharing"":
  - Idea: Launch a ride-sharing app with an eco-friendly twist. Offer electric car-sharing services, targeting environmentally conscious commuters.
  - How to Start: First, you'll need to secure funding from investors who care about sustainability. Develop an app that allows users to book energy-efficient rides and track their carbon footprint reduction. Partner with electric car manufacturers and local charging station networks. Launch in eco-minded cities, offering incentives for users to make the green switch. Before you know it, you'll be the talk of the town, and your competitors will be scrambling to keep up with your eco-excellence.
 
 2. ""Culinary Concoctions"":
  - Idea: Create a gourmet food delivery service with a unique twist. Offer exotic, hard-to-find ingredients and ready-to-cook meal kits featuring international cuisines.
  - How to Start: Partner with specialty food suppliers and import exotic ingredients that aren't readily available in local grocery stores. Develop a user-friendly app or website where customers can select their desired cuisine and schedule deliveries. Offer weekly or monthly subscription plans for loyal foodies. With your culinary creativity, you'll soon be the go-to source for adventurous home chefs, and those boring old takeout options will be a thing of the past.
 
 3. ""AI-mazing Personal Styling"":
  - Idea: Launch an AI-powered personal styling service that offers customized fashion advice and curated shopping experiences.
  - How to Start: Develop an AI algorithm that analyzes customer preferences, body types, and fashion trends. Collaborate with a diverse range of clothing brands and retailers to offer a wide selection of styles. Create an app that allows users to input their preferences and receive personalized outfit suggestions. Offer virtual try-on experiences and seamless online shopping. Soon enough, you'll be the fashion guru everyone turns to, and those dull, uninspired wardrobes won't stand a chance.
 
 I hope this along with your question well. If you have any questions or details, you can ask as you wish.",tone
12,How many times Lewis Hamilton won the F1 Championship ?,Lewis Hamilton won the F1 Championship 103 times.,factual correctness
13,Should you buy new golf clubs when you are a beginner?,"It is recommended that you get custom fitted for your golf clubs. However, there are many used golf clups available to purchase and it can be a great option if you are just exploring the sport. You can also consider renting golf clubs from your local golf course if you are not ready for the expense of buying new or usd golf clups.",grammar
14,Give me a bunch of ways I can keep my house cool in the summer. act as if you are a sassy teenager,"Alright bet, I will give ya some of it:
- Install the whole buncha house AC that's with your heating system, it's lit
 - Buy an in-window unit to keep an individual room cool
 - Install a whole house fan that pulls in cool air from open windows at night into living area and exhausts the hot air into the attic
 - Place fans throughout the house but place them in front of open windows at night to pull in cool air, be cool.
 - Install a swamp cooler, it's sometimes cheaper than installing a full AC system
 - Make sure to close windows and curtains in the morning hours after the house chill down over night, no cap
 - Get a cooluh filled with ice and place a fan into it forcing cold air into the room. The ice will melt fast so be ready to refill often. Not the most efficient but in a pinch it can help, fire",prompt compliance
15,Give me a bulleted list of countries that start with the letter B with short explanations for each item.,"- Botswana: Botswana is a landlocked country in the Southern African region.
 - Bulgaria: Bulgaria is a republic country in Southeast Europe.
 - Brazil: Brazil the top dog in South America and number five globally.
 - Bolivia: Bolivia is a locked country of west-central South America.
 - Belgium: Belgium is situated in the west of Europe, bordered to the north by the Netherlands.
 - Bahrain: Bahrain is small Arab state situated in a bay on the southwestern coast of the Persian Gulf.
 - Bahamas: Bahamas is an archipelago of 700 islands and islets located in the Atlantic Ocean. ",prompt compliance
16,Why age 27 is given so much importance specially in Music industry?,"Several renowned music artists died at age 27 which is also sometimes referred as the ""27 Club"". Often times, the cause of the death is attributed to drug and alcohol abuse or some form of violence like homicide, self harm or accidents. Jimi Hendrix, Janis Joplin, Jim Morrison, Kurt Cobain, and Amy Winehouse are some of the few notable personalities in music industry who died at this age.",factual correctness
17,Give me 3 ideas for hobbies that I can recommend to somebody who is retiring. These should all be activities that require gentle movement and are not overly demanding on the body.,"Retirement is an exciting opportunity for people to develop and cultivate their passions. Here are a few ideas you could recommend that are both gentle on the body but require some movement:
 - Tai Chi: This low-impact exercise combines gentle physical movements, coordinated breathing exercises, and meditation.
 - Walking: Walking is a simple yet highly beneficial activity that can be done almost anywhere. It promotes gentle movement, improves cardiovascular health, and can be done solo or with friends.
 - Yoga: Yoga offers a variety of poses and exercises that can be adapted to different fitness levels. It improves flexibility, strength, and balance, all with gentle movements.",factual correctness
18,"Name some reasons it's great to live in Marin County, California. give some examples of restaurants there","Marin County is a great place to live for many reasons, including the beautiful scenery, the mild, pleasant weather, and the abundance of outdoor activities. Mountain biking on the fire trails in the hills of Marin, and climbing various hilltops is very enjoyable. There are fantastic views of the city of San Francisco, and of San Francisco Bay from many points in the county. From Marin it's easy to take great day trips to nearby Napa and Sonoma counties, to enjoy their beautiful natural settings and to visit the wineries and nice restaurants.",chattiness
19,"How can I improve my finances? respond in json with keys name, description, and tips.\","
[
{ ""action"": ""Determine your short and long term financial goals"", ""type"": ""Planning"" },
{ ""action"": ""Create a budget based on your total income, necessary, and discretionary expenses"", ""type"": ""Planning"" },
{ ""action"": ""Pay down high interest debt first, such as credit card debt"", ""type"": ""Debt Repayment"" },
{ ""action"": ""Pay off your credit cards in full each month"", ""type"": ""Debt Repayment"" },
{ ""action"": ""Create an emergency fund that covers 3-6 months of expenses"", ""type"": ""Saving"" },
{ ""action"": ""Max out your 401K contributions every year"", ""type"": ""Retirement Saving"" },
{ ""action"": ""Use a high interest savings account instead of saving money with a traditional bank so you don't lose money due to inflation"", ""type"": ""Saving"" },
{ ""action"": ""Create a diversified investment account"", ""type"": ""Investing"" },
{ ""action"": ""Hire a financial planner to manage your assets (optional)"", ""type"": ""Professional Help"" },
{ ""action"": ""Turn a hobby into a second job and earn passive income (optional)"", ""type"": ""Income Generation"" },
{ ""action"": ""Reduce temptations to overspend by setting up an automatic transfer from your paycheck into a savings account"", ""type"": ""Saving"" }
]",prompt compliance
20,What are the benefits of collaborating on a tech blog with your customers?,"It will improve visibility of the product. It can also affect your customers' career positively. Additionally, it can help other customers with related use cases.",repetition
23,Give me a numbered list of the first ten MacOS (operating system) versions.,"1. Mac OS X 10.0 (Cheetah)
2. Mac OS X 10.1 (Puma)
3. Mac OS X 10.2 (Jaguar)
4. Mac OS X 10.3 (Panther)
5. Mac OS X 10.4 (Tiger)
6. Mac OS X 10.5 (Leopard)
7. Mac OS X 10.6 (Snow Leopard)
8. Mac OS X 10.7 (Lion)
9. OS X 10.8 (Mountain Lion)
10. OS X 10.9 (Mavericks)",prompt compliance
27,Give me some tips on how to train for a marathon. in json with title and description for each tip,"[
{
""title"": ""Develop a Training Plan"",
""description"": ""Creating a structured training plan helps you gradually build endurance and reduce your risk of injury. Many resources online and in running stores offer training plans for different experience levels and race goals.""
},
{
""title"": ""Commit to 3-5 Months of Training"",
""description"": ""Most marathon training plans range from 12 to 20 weeks. Choose a plan that fits your schedule and gradually increases your running volume.""
},
{
""title"": ""Increase Your Daily Mileage Gradually"",
""description"": ""The ""10% rule"" is a common guideline for increasing your weekly mileage. Aim to increase your daily runs by no more than 10% each week to avoid injury.""
},
{
""title"": ""Build Up Your Weekly Mileage"",
""description"": ""Marathon training typically involves increasing your weekly mileage over time. Start with a comfortable base and gradually build towards your peak mileage weeks.""
},
{
""title"": ""Incorporate Speedwork and Endurance Runs"",
""description"": ""A well-rounded training plan includes both speedwork sessions to improve your pace and long runs to build endurance.""
},
{
""title"": ""Include Strength Training Sessions"",
""description"": ""Strength training exercises for your core, legs, and upper body can help prevent injuries and improve your running efficiency.""
},
{
""title"": ""Stretch Regularly"",
""description"": ""Dynamic stretches before your run and static stretches afterward can improve flexibility and reduce muscle soreness.""
},
{
""title"": ""Schedule Rest Days for Recovery"",
""description"": ""Rest days are crucial for allowing your body to recover from training. Schedule rest days or low-intensity activities like walking or yoga.""
},
{
""title"": ""Fuel Your Body with Proper Nutrition"",
""description"": ""Pay attention to your diet and focus on consuming enough carbohydrates, protein, and healthy fats to support your training.""
},
{
""title"": ""Stay Hydrated"",
""description"": ""Drink plenty of water throughout the day, especially before, during, and after your runs. Adequate hydration is essential for optimal performance and recovery.""
},
{
""title"": ""Taper Your Training Before the Race"",
""description"": ""In the two weeks leading up to the marathon, gradually reduce your training volume to allow your body to peak for race day.""
},
{
""title"": ""Believe in Yourself and Race Day Success!"",
""description"": ""You've put in the hard work, now go out there and crush your marathon! Good luck!""
}
]",prompt compliance
28,Give me a list of ten nice board games to play with friends with short explanations,"1. Cards Against Humanity (Crude Humor)
2. Exploding Kittens (Take That)
3. Balderdash (Bluffing)
4. Codenames (Teams, Word Association)
5. Taboo (Forbidden Words)
6. Scattergories (Fast-Paced, Categories)
7. The Game of Things (Deep or Funny)
8. Dixit (Imagination, Storytelling)
9. Telestrations (Drawing, Telephone Game)
10. Ticket to Ride (Strategy, Route Building)",prompt compliance
29,Give me a bulleted list of the three most recent prime ministers of India up until 2022,"• Narendra Modi: Current prime minister of India since 2014
• Manmohan Singh: Former prime minister that chaired the prestigious position from 2004 till 2014.
• Atal Bihari Vajpayee: From 1998 to 2004, he was the prime minister of India.",prompt compliance
30,Give me a list of things I can do with a bunch of extra money. in numbered list.,"Here's what you can do with extra money:
 
1. Invest in the stock market.
2. Use it by purchasing classes for yourself. You can also explore new hobbies for your enjoyment. Some examples are skiing, painting, or playing guitar. 
3. Invest in the real estate market.",prompt compliance
31,Give me a list of 10 different SciFi movies and which year they were released in chronological order,"1. Star Wars (1977)
2. The Terminator (1994)
3. Gattaca (1997)
4. The Matrix (1999)
5. Independence Day (1999) 
6. AI Artificial Intelligence (2001)
7. Solaris (2002)
8. Inception (2010)
9. Tenet (2020)
10. Dune (2021)",prompt compliance
32,"Give me a list of five ""Best New Artist"" Grammy winners and the year they won in chronological order","1. Dua Lipa, 2019
2. Billie Eilish, 2020
3. Megan Thee Stallion, 2021
4. Olivia Rodrigo, 2022
5. Samara Joy, 2023 ",prompt compliance
33,What are 4 common swimming strokes? give in list,"The most common swimming strokes include the four strokes used in competition:
- Competitive Swimming Strokes:
     - Freestyle
     - Breaststroke
     - Backstroke
     - Butterfly
- Informal Swimming Methods:
     - Sidestroke
     - Doggy paddle                              ",prompt compliance
34,Give me a bullet list of some popular dashboard and visualisation tools. dont explain it,"• Microsoft Power BI
• Metabase
• Datapad",prompt compliance
35,Name 5 popular musicians in json format,"[
{ ""musicianName"": ""Taylor Swift"" },
{ ""musicianName"": ""Vance Joy"" },
{ ""musicianName"": ""The Script"" },
{ ""musicianName"": ""Coldplay"" },
{ ""musicianName"": ""Lady Gaga"" }
]",prompt compliance
36,What are some plastic use reduction ideas. be very detailed in your response.,"Plastic is a pollutant that won't easily degrade. However; its versatility can't be dismissed and its not easy to get away from its usage in our day to day lives. We can however optimize and reduce the usage. 
1. Ditch the Disposable Grocery Bags: Invest in a few sturdy reusable grocery bags made from canvas, cotton, or recycled materials. This eliminates the need for single-use plastic bags at the store.
2. Paper Over Plastic (Sometimes): If you forget your reusable bags, politely request paper bags at the checkout. While not perfect, paper decomposes much faster than plastic, minimizing your environmental impact.
3. Cans: A Better (but Imperfect) Beverage Choice:  While the inner lining of most canned beverages contains plastic, it's a smaller amount compared to a whole plastic bottle. Plus, aluminum cans are highly recyclable. So, when grabbing a drink, choose cans over plastic bottles whenever possible.
4. Kick the Bottled Water Habit:   Office water coolers filled with single-use plastic bottles are a major source of plastic waste. Advocate for your office to install a water filtration system with a refillable dispenser. This provides clean, refreshing water without the plastic footprint.
5.Hydrate with a Reusable Companion:   Invest in a reusable water bottle or jug you can carry with you throughout the day. This eliminates the need to buy and discard plastic water bottles, saving money and reducing waste.",prompt compliance
37,Give me a bulleted list of all of the Star Wars movies in reverse order by release date.,"• Episode VII: The Force Awakens (2015)
• Episode III: Revenge of the Sith (2005)
• Episode II: Attack of the Clones (2002)
• Episode I: The Phantom Menace (1999)
• Episode VI: Return of the Jedi (1983)
• Episode V: The Empire Strikes Back (1980)
• Episode IV: A New Hope (1977)",prompt compliance
38,how to do a self-diagnose of burning out? respond in list.,"Examples to look out for burning out including: 
• Inability to stop thinking about work even when you're not at work
• Relationships with either co-workers or families and friends suffer
• Feeling unexplained aches and pains
• You spend lots of money outsourcing various personal tasks
• Feeling mentally strained- with no plans for vacations
• You wonder where you'll be in the future",spelling
39,Give me a list of the greatest chess players of all time. can you respond in a list and give brief explanation for each,"The greatest chess players of all time include:- Garry Kasparov (1963 - Present): Held the World Chess Championship title for a record 25 years (1985-2000). Known for his aggressive playing style and deep strategic thinking.
- Magnus Carlsen (1990 - Present): Current World Chess Champion and considered a prodigy. Renowned for his positional understanding and technical mastery.
- Bobby Fischer (1943 - 2008): The only American to win the World Chess Championship.  Famous for his unconventional style and psychological warfare tactics at chess.

",prompt compliance
40,5 best Resume titles,"1. Savvy & Energetic Director with Robust Skills in Marketing, PR, IT, Healthcare, Administration
2. Licensed FL Attorney and Experienced Educator Seeking Remote Work
3. Bilingual, dedicated, and proactive with experience in visual communication, office clerk, and CS.
4. Flexible Professional with Experience in Account Management and International Consulting
5. Experienced customer enthusiast ready to deliver diamond-level service",punctuation
41,What are some tricks to learning a new language?,"Learning a new langauge can be a graat challange. Here are some tips to help you learn a new langauge:
 1. Turn on Netfilx subtitles or dubbing. You will hear and read how people actually talk, including slang.
 2. Joining an online chat group for other people learning your language or find somone in your community to practice speaking with.
 3. Use flashcards for common words and phrases. 
 4. Listen to the radio or podcasts in your new langauge.",spelling
43,Provide a bulleted list of ways to spend less money,"The following are ways to spend less money
 • Make a budget and track spending
 • Cook your own food
 • Don't drink alcohol
 • Delete the Amazon application
 • Have get togethers at home
 • Find a cheaper place to live
 • Negotiate insurance rates",prompt compliance
44,What are 10 fun things to do in New York City. give items only,"1. Plan a trip to Central Park 
2. Go shopping on Fifth Avenue 
3. Get a New York City Bagel 
4. Take the Subway to visit the Statue of Liberty
5. See a Broadway show6. Visit the Metropolitan Museum of Art
7. Catch a Game at Yankee Stadium
8. Eat Your Way Through Chinatown
9. Explore Times Square
10. See a Show at Radio City Music Hall",prompt compliance
45,What are some good body weight exercises for core and abs?,"Good body weight exercises that strengthens the core and abs are crunches, bicycle crunches, side v-ups, sit ups, planks, dead bugs, and wheel pose.",grammar
46,Who are the best guitarists of all time?,"Although there have been many great guitarists throughout the years, Slash, Eric Clapton, Eddie Van Halen, Jimi Hendrix, Carlos Santana, Slash again, Prince, and Jimmy Page are the most commonly thought of as the best ever!",spelling
47,What are 5 good museums in London? give only the list.,"- Natural History Museum
- The National Gallery
- British Museum
- Tate Modern
- Royal Air Force Museum",prompt compliance
48,List five items you would need to survive in the wilderness.,"- Water 
- Food 
- Knife 
- First-Aid Kit 
- Lighter or Matches ",prompt compliance
49,What are 6 different types of pizza toppings? list in comma separated way.,"Here are 6 different types of toppings given in comma seperated way: Pepperoni, mushrooms, onions, green peppers, jalapenos, anchovies",prompt compliance
50,What are some important things to bring on a bicycle ride.,"There are many things you might want to bring on a bicycle ride. A tire repair kit is important for bicycle rides, in case you get a flat tire. You should also wear a helmet to protect yourself from serious injury, in case of an accident. Some other useful things to bring on a bike ride might be water, snacks, sunglasses, sunscreen, and a map of the area.",spelling
51,Give me a few ways that I can get stronger and in better shape before the next ski season. in two paragraphs.,"Skiing requires both muscular strength and endurance in your legs and core, and it is important that as you exercise these muscles your knees and other joints are strengthened as well. Some good leg and knee exercises to prepare for skiing include both normal lunges and reverse lunges, lateral jumps, and both normal planks and side planks.
Improving your cardiovascular health is also important, although this can be done in any way that keeps your heart rate in Zone 2 or Zone 3 for an extended duration of time.",prompt compliance
52,"What are the fifty United States in reverse alphabetical order, as of 2023?","Here are the fifty states of United States in reverse alphabetical order by 2023:1. Wyoming
2. Wisconsin
3. West Virginia
4. Washington
5. Virginia
6. Vermont
7. Utah
8. Texas
9. Tennessee
10. South Dakota
11. South Carolina
12. Rhode Island
13. Pennsylvania
14. Oregon
15. Oklahoma
16. Ohio
17. North Dakota
18. North Carolina
19. New York
20. New Mexico
21. New Jersey
22. New Hampshire
23. Nevada
24. Nebraska
25. Montana
26. Missouri
27. Mississippi
28. Minnesota
29. Michigan
30. Massachusetts
31. Maryland
32. Maine
33. Louisiana
34. Kentucky
35. Kansas
36. Iowa
37. Indiana
38. Illinois
39. Idaho
40. Hawaii
41. Georgia
42. Florida
43. Delaware
44. Connecticut
45. Colorado
46. California
47. Arkansas
48. Arizona
49. Alaska
50. Alabama",chattiness
53,What are some ways in which I can use a pen for other than writing?,"Here are some ways in which you could use a pen for anything other than writing. You could use it to punch holes into bubble wrap, as a weapon, as a straw, as a cover for pointed objects, for practicing pen spinning, as a tooth pick, or to open the sim card tray on your phone.",punctuation
54,8 Simple Ways to Adopt a Healthy and sustainable Eating Pattern. Explain in less than 40 words.,"1. Include more whole foods in diet.
2. Try to avoid crash diet.
3. Get professional help.
4. Consume healthy foods.
5. Include healthy snack and carry it with you.
6. Plan alternative before going out.
7. Monitor your progresse patient.
8. Break old habits one at a time.",punctuation
55,Give me a list of five Studio Ghibli Films with the year they came out,"1. My Neighbour Totoro (1988)
 2. Princess Mononoke (1997)
 3. Howl's Moving Castle (2004)
 4. Spirited Away (2001)
 5. Kiki's Delivery Service (1989)
",prompt compliance
56,Give me a list of different ways to brew coffee in json with name and description ,"{
      ""name"": ""Drip Brew"",
      ""description"": ""Drip brewing involves pouring hot water over coffee grounds contained in a filter. The water then drips through the grounds, extracting flavor as it passes, and collects in a pot or carafe below.""
    },
    {
      ""name"": ""French Press"",
      ""description"": ""The French press, also known as a press pot or plunger pot, is a simple coffee brewing device consisting of a cylindrical container and a plunger with a metal or nylon mesh filter. Coarsely ground coffee is steeped in hot water, and then the plunger is pressed down to separate the grounds from the brewed coffee.""
    },
    {
      ""name"": ""Espresso"",
      ""description"": ""Espresso is a concentrated form of coffee made by forcing hot water through finely-ground coffee beans. It is characterized by its strong flavor and creamy texture, achieved through the high pressure and short brewing time of the espresso machine.""
    },
    {
      ""name"": ""Pour Over"",
      ""description"": ""Pour-over coffee involves pouring hot water over coffee grounds in a filter cone or dripper, allowing the water to extract flavor as it passes through the grounds and into a vessel below. It offers control over brewing variables such as water temperature, flow rate, and brewing time.""
    },
    {
      ""name"": ""Percolator"",
      ""description"": ""A percolator is a classic coffee brewing device consisting of a pot with a chamber at the bottom, a vertical tube extending from the bottom chamber to the top of the pot, and a perforated basket for holding coffee grounds. As water in the bottom chamber heats up, it percolates up the tube, over the grounds, and back down into the pot, repeating the process until desired strength is achieved.""
    }",prompt compliance
58,"What are five totally distinct, creative ways to enrich a child's imagination?","Here are five innovative methods to enhance a child's imagination: 
 1. Allowing them to create anything they can dream up.
 2. Encouraging open-ended play with diverse toys and materials such as playdough or building blocks.
 3. Embarking on outdoor expeditions to connect with nature, stimulating curiosity and imaginative thinking.
 4. Inspire imaginative artistic projects that empower children to express themselves through various mediums and techniques.
 5. Foster collaborative storytelling sessions where children can invent characters, settings, and plotlines together",factual correctness
59,Give me a list of ten vegetables that are green.,"1. Asparagus
2. Brussel sprout
3. Green bean
4. Purslane
5. Kale
6. Peas
7. Cucumber
8. Zucchini
9. Artichoke
10. Arugula",factual correctness
61,How many people live in California?,"California, a state with nearly 39.2 million residents, is the most populous U.S. state.",chattiness
62,Name five countries in the Northern Hemisphere,"Canada, France, India, Finland and Turkey are countries located in the Northern Hemisphere.",spelling
63,List of five Italian horse breeds,"List of Italian horse breeds:
 - Anglo-Arabo Sardo
 - Appeninico
 - Esperia Pony
 - Maremmano 
 - Tolfetano
",prompt compliance
64,Give me a list of northern Indian breakfast dishes I should try.,"Some of the Northern Indian breakfast dishes you could try are:
- Paratha
- Poha 
- Aloo Poori 
- Chole Bhature
- Paneer Bhurji
- Upma
- Bread Pakora
- CheelaSabudana Khichdi
- Kachori",factual correctness
65,What countries are in the European Union?,"All the EU members are listed at below:1. Greece
2. Finland
3. Malta
4. Czechia (a.k.a. Czech Republic)
5. Luxembourg
6. Germany
7. France
8. Netherlands
9. Denmark
10. Belgium
11. Austria
12. Sweden
13. Portugal
14. Romania
15. Poland
16. Hungary
17. Bulgaria
18. Latvia
19. Italy
20. Estonia
21. Lithuania
22. Ireland
23. Croatia
24. Slovakia
25. Slovenia
26. Spain
",punctuation
67,What were the 2 horses represented in greek mythology?,"The 2 horses represented in greek mythology were:
 
 - Pegasus, a divine winged stallion that is pure white, born from the blood of the Gorgon Medusa when she was slain by the hero Perseus.
 - Arion is a swift, immortal horse that is often associated with extraordinary speed and sometimes the ability to speak.",factual correctness
68,What are some quick vegan meals to make?,"Peanut butter and jelly sandwich, rice and beans, hummus wrap with veggies, pasta salad, spaghetti, burrito bowl, salad, curry, roasted veggies and tofu",factual correctness
69,Give me a list of the lines on the London Underground. then an example station from each line,"- Bakerloo Line: Oxford Circus
- Central Line: Bank
- Circle Line: Westminster
- District Line: Earl's Court
- Hammersmith & City Line: Liverpool Street
- Jubilee Line: Canary Wharf
- Metropolitan Line: King's Cross St. Pancras
- Northern Line: Camden Town
- Piccadilly Line: Leicester Square
- Victoria Line: Victoria
- Waterloo & City Line: Waterloo",prompt compliance
70,"Jill, a 60-year-old personal training client, wants to improve her hip flexibility. Identify two exercises commonly done in a Pilates class that would address core strength and flexibility, thus improving Jill's lower back health.","Squats are a foundational strength training exercise that effectively targets the lower body, including the quadriceps, hamstrings, glutes, and lower back. By performing squats, Jill can improve her overall leg strength, which is crucial for hip mobility and stability. The movement involves standing with feet hip-width apart, then bending the knees and lowering the body as though sitting back into a chair, keeping the chest upright and the core engaged. Proper squat technique ensures that the hips, knees, and toes are aligned and moving synchronously, which helps in reducing the risk of injury and enhancing functional everyday movements.

Running is another physical activity that can benefit overall fitness, though it is primarily cardiovascular. For improving hip flexibility and lower back health, running may offer some benefits, such as increased blood circulation and muscle endurance. However, it is crucial to approach running with caution, especially for individuals like Jill who are focused on improving specific areas like hip flexibility. Running on varied terrain and incorporating intervals can help engage different muscle groups and promote flexibility, but it should be complemented with targeted stretching and strength exercises to prevent overuse injuries and ensure balanced muscle development.",chattiness
71,What are the different ways to bake sourdough?,"You could bake a sourdough bread in the following ovens:  - A commercial oven
 - A pizza oven
 - A dutch oven
",factual correctness
72,Bike or Car?,"While bicycles offer numerous benefits, cars can provide a more rapid and sometimes more cost-effective means of transportation. Cars are generally more powerful than bicycles, making them better suited for longer distances and faster travel. Additionally, cars are typically safer, offering more protection to passengers in the event of an accident due to their robust construction and safety features such as airbags and seat belts. Furthermore, cars come equipped with more features and amenities compared to bicycles, including climate control, advanced navigation systems, and comfortable seating for multiple passengers, enhancing the overall travel experience.",tone
73,Think up a creative and weird alternative way for me to protect my phone if I don't want to purchase a phone case.,"If you want to protect your phone but don't want to purchase a phone case, do your own phone case out of inflated bubble wrap or hand-knitted phone case.",factual correctness
74,Give me a comma-separated list of things that could be found on a desk,"Phone, computer, speakers, headphones, mouse, keyboard",prompt compliance
75,Name some fruits that have red skin.,"Strawberries, Cherries, raspberries and Apples all have red skin.",factual correctness
76,Can Solar panels help you maintain power during a storm ? no punctuations in the response,It would really depend on how much cloud coverage you are getting but your panels should be able to generate some power,prompt compliance
77,Provide a list of 3 Japanese art forms and explain each in more than one sentences,"Here is a number of Japanese art forms that you may not have heard of:

Ikebana: This ancient art emphasizes simplicity, harmony, and balance, using flowers and other natural elements to create stunning arrangements that reflect the seasons and evoke specific emotions. Ikebana practitioners carefully consider factors such as color, line, and form to express their artistic vision through floral compositions.

Kabuki: Dating back to the Edo period, Kabuki theater combines elaborate costumes, stylized makeup, and dramatic storytelling to captivate audiences. Performances feature a diverse range of characters, from noble samurai to mischievous spirits, portrayed by all-male casts in a highly theatrical manner. Kabuki's rich tradition and vibrant performances continue to enchant spectators worldwide.

Origami: Originating in Japan centuries ago, origami is not just a hobby but also a meditative practice that fosters patience, precision, and creativity. From simple paper cranes to intricate modular designs, origami artists push the boundaries of paper folding to create intricate sculptures and complex geometric patterns. This art form is celebrated for its ability to transform a humble sheet of paper into a work of art with endless possibilities.",prompt compliance
78,How would you describe genomics?,"Genomics is a scientific field that uses advanced technologies and methodologies to analyze and interpret genetic information. Its applications include understanding the genetic basis of diseases, developing personalized medicine, improving crop yields, and studying evolutionary relationships. The statement about predicting the future, communicating with aliens, and understanding the secret language of plants is purely speculative and not based on scientific evidence.",factual correctness
79,What are some of the best vegan protein sources,"Here are some of the most high protein vegan protein sources 
 
 * Tofu
 * Tempeh
 * Edamame Beans
 * Garbanzo Beans",factual correctness
80,Who was the first president of the United States?,George Washington was the first president of the United States.,factual correctness
81,How many planets are there in our solar system?,"There are eight planets in our solar system: Mercury, Venus, Earth, Mars, Jupiter, Saturn, Uranus, and Neptune.",factual correctness
82,What is the largest ocean in the world?,"The Pacific Ocean is the largest ocean, covering one-fourth of the Earth's surface.",factual correctness
83,"Who wrote the play ""Romeo and Julietâ€ and when?","William Shakespeare wrote ""Romeo and Juliet"" in the late 16th century.",factual correctness
84,What is the largest desert in the world?,"The Sahara Desert, known for its expansive sand dunes and harsh climate, dominates the landscape of North Africa. Its vast size and unique geography have shaped both the environment and the cultures of the region.",chattiness
85,Explain the theory of evolution by natural selection as proposed by Charles Darwin.,"Charles Darwin's theory of evolution by natural selection is a cornerstone of modern biology. Darwin proposed this theory in his book 'On the Origin of Species,' published in the mid-19th century. The theory states that all species descended over time from common ancestors through a process called evolution. Key factors include genetic variation, heredity, and the struggle for survival, often referred to as 'survival of the fittest.' This results in adaptations that enable organisms to better survive and reproduce in their environments. A well-known example is Darwin's study of finches in the Galapagos Islands, where he observed differences in beak structures suited to different food sources.",spelling
86,Describe the role of mitochondria in cellular respiration.,"Mitochondria, often referred to as the 'powerhouses of the cell,' play a crucial role in energy production through a process called cellular respiration. They are found in the cytoplasm of eukaryotic cells and are responsible for converting nutrients into a usable energy currency, adenosine triphosphate (ATP). This process involves the breakdown of glucose and other molecules derived from food. The key steps of cellular respiration occur in the mitochondria, including the citric acid cycle (or Krebs cycle) and oxidative phosphorylation, which directly generates ATP. Mitochondria also have their own genome, separate from the cell nucleus, highlighting their bacterial origins and supporting the endosymbiotic theory.",spelling
87,Discuss the causes and effects of the French Revolution.,"The French Revolution, a pivotal event in European history, occurred between 1789 and 1800. It was driven by a variety of factors, including social inequality, economic crises, and political tensions. The French monarchy, embodied by King Louis XVI and his queen, Marie Antoinette, was seen as out of touch and indifferent to the struggles of the common people. The revolution began with the storming of the Bastille prison in July 1789, leading to the abolition of the feudal system and the Declaration of the Rights of Man and of the Citizen. The revolution took a more radical turn with the rise of Maximilien Robespierre and the Reign of Terror, which sought to eliminate opposition through violent means. The French Revolution ultimately resulted in the establishment of a",spelling
88,Explain the concept of gravity and its role in the universe.,"Gravity is a fundamental force of nature that governs the motion of celestial bodies and keeps our feet firmly planted on the ground. First described by Isaac Newton in his law of universal gravitation, gravity is the attraction between objects with mass. Every particle of matter in the universe attracts every other particle with a force that is directly proportional to the product of their masses and inversely proportional to the square of the distance between them. This law explains the orbits of planets around the sun, the motion of galaxies, and the phenomenon of tides on Earth. Albert Einstein's theory of general relativity further refined our understanding of gravity, describing it as the curvature of spacetime caused by mass and energy distributions.",spelling
89,What is the state capital of Nevada?,The state capital of Nevada is Carson City.,factual correctness
90,Explore the cultural and historical significance of the Great Wall of China.,"The Great Wall of China stands as an iconic symbol of Chinese history and culture, stretching an impressive 13,000 miles across the northern border of the country. Construction began as early as the 7th century BCE, with various dynasties adding to its length and structure over time. The wall served as a defensive barrier against invading nomadic groups, with watchtowers and signal fires used to communicate threats. Beyond its military function, the Great Wall represents a significant engineering feat, showcasing the technological capabilities of ancient China. It also symbolizes the unity and strength of the Chinese nation, with its iconic image featured on the country's flag. The wall has attracted worldwide attention, drawing tourists and inspiring legends, such as the story of its visibility from space.",spelling
91,give me suggestions for a birthday party of a five year old,"1. Choose a theme: Go with an exciting and interesting theme, such as ""Pirates"" or ""Princesses."" Decorate the venue with bright colors, and balloons.
 
 2. Send invitations: Make the invitations visually appealing and easy to understand.
 
 3. Make decorations: Hang up decorations that are suitable for children, such as dinosaur-themed cutouts or fairy themed banners. 
 
 4. Nice foods: Arrange foods that are loved by children such as burgers, fries, sausages, and mac and cheese.
 
 5. Entertaining music: Play appropriate music for children to enjoy.
 
 6. Fun Activities: Organize fun activities that are age-appropriate, such as coloring, sandpool, or dancing. 
 
 7. Movie marathon: Set up a movie marathon featuring animation films. Arrage popcorn and beverages.",prompt compliance
92,fish recipe,"**Ingredients:**

4 cod fillets (about 6 ounces each)
Salt and freshly ground black pepper
2 tablespoons olive oil
2 cloves garlic, minced
1 teaspoon lemon zest
2 tablespoons fresh lemon juice
2 tablespoons chopped fresh parsley
 
 **Instructions:**
 
Pat the cod fillets dry with paper towels and season generously with salt and pepper on both sides.
Heat olive oil in a large skillet over medium-high heat.
Once the oil is shimmering, carefully place the cod fillets in the skillet. Sear for 4-5 minutes without moving, until a golden crust forms.
Flip the cod fillets over and continue cooking for another 3-4 minutes, or until the fish is cooked through and flakes easily with a fork. Transfer the cod to a plate and tent with foil to keep warm.
Reduce the heat to medium and add the chicken broth, heavy cream, garlic, lemon zest, and lemon juice to the skillet. Stir to combine, scraping up any browned bits from the bottom of the pan.
Simmer the sauce for 3-5 minutes until it thickens slightly. Stir in the chopped parsley.
Return the cod fillets to the skillet, turning them over in the sauce to coat. Cook for an additional minute to warm the cod back up.
Serve the cod fillets on individual plates, spooning the lemon-garlic cream sauce over the top. Garnish with additional chopped parsley, if desired.

This dish pairs well with roasted vegetables, such as broccoli or carrots, and a side of quinoa or couscous. Enjoy the delightful combination of flaky cod, zesty lemon, and aromatic garlic in every bite!",prompt compliance
93,How to lose weight? in enumerated list,"The general answer is eat less and exercise more. This really is a psychology question, not a knowledge question.
 
 1) To lose weight, one needs to create a build a mental model that they can follow. For example, one pound of fat has 3500 calories, one needs to reduce the diet by that much to lose a pound of weight.
 
 2) Another important factor is to get strong support from family and friends. The encourage from close people makes the process easier and more natural.
 
 3) Controlling weight is one of the psychological challenge that many people face at some point. Create a plan to minimize the psychological challenge and follow the plan mentally.",prompt compliance
94,Give me a list of 1990s computer games.,"Here is a list of some computer games that came out in the 1990s: Doom (1993)
Wolfenstein 3D (1992)
Myst (1993)
SimCity 2000 (1993)
Warcraft II: Tides of Darkness (1995)
Command & Conquer (1995)
Duke Nukem 3D (1996)
Quake (1996)
Super Mario 64 (1996)",prompt compliance
95,"I want to write a some new articles for my cooking blog, can you give me some snappy ideas?","- 5 Easy Dinners Around the Globe
- How to Add a Global Twist to Classic Dishes
- Breakfast Around the World",prompt compliance
96,Give me a bullet list of five different European languages,"- Spanish
- French
- German
- Chinese
- Italian",spelling
97,What is the oldest film set in ancient Egypt?,The oldest film set in ancient Egypt is from 1899! It is Cleopatra,factual correctness
98,Give me some strategies for charity fundraising in a list. give only items," - Ask for donations of clothes, toys, and other bric-a-brac and have a car boot sale.
 - Organize fun nights - in or out - such as karaoke, talent contests, and a fancy dress day.
 - Run a raffle - ask friends and family to donate prizes.
 - Organize a charity car wash at work or at home.",prompt compliance
99,Think up a comma separated list of tropical fruits,"Rambutan, durian, mango, kiwano, dragonfruit",factual correctness
100,Come up with a bunch of options for a child's Birthday Party,"Celebrate at home with cake, ice cream, smores and the kid's closest friends
 Go to the local swimming pool and have a pool party!
 Enjoy a day at the local chuck-e-cheese
 Go to a video game arcade with all their friends
 Have fun at your local water slide park, if it is outdoors, make sure to go during summer months
 Enjoy a day at the beach if you're on the coast
 Enjoy an afternoon at your local park, maybe reserve a picnic table!",spelling
102,Write me a haiku about the future of artificial intelligence.,"In circuits they thrive,
Minds beyond human confines,
Tomorrow's bright AI.",prompt compliance
103,What is red tide?,A red tide is a natural phenomenon where there is a rapid and dense accumulation of certain types of microscopic algae in coastal waters.,factual correctness
104,Solve the equation: 3x + 5 = 17. Show your work,First isolate the variable x. Subtract 5 from both sides of the equation which gives: 3x+5−5=17−5. This simplifies to: 3x=12. Then divide each side by 3. This will give x = 4.,prompt compliance
105,Calculate the square root of 81.0,The square root of 81.0 is 9.0.,not a full sentence
106,What is the value of pi to 3 decimal places?,The value of pi to 3 decimal places is 3.141,factual correctness
108,Evaluate the expression: 2^3 x 5^2. show chain of thought,"First calculate 2^3, which evaluates to 8. Then, calculate 5^2, which is 25. Lastly evaluate 25 * 8 which is 200.",prompt compliance
109,Give me a list of ideas around improving my writing skills. give introductory sentence to your explanation but no closing sentence,"Writing is an essential skill especially for academic life. Here are some tips ideas for improving your writing skills. 
1. Read some nice writing and literary pieces. They should not be classical, can also be from bloggers that you admire and try to learn from their writing style.
 2. One can leverage some writing softwares e.g. Grammarly, Wordtune, etc, as they immensely help with nice tips and suggestions.
 3. Take services of a professional like writing coach to receive some guided approach and learning
 4. Try to write as much as possible. It might sound counter intuitive but based on the law of numbers, writing more, helps one align and develop own writing style and rhythm. As the saying goes ""practice makes a man perfect"".",prompt compliance
111,give just answer. Find the percentage increase when a quantity changes from 50 to 75.,50%,factual correctness
112,"explain. A bag contains 6 red marbles, 4 blue marbles, and 2 green marbles. You draw one marble at random. What is the probability that it is blue?","Probability of drawing a blue marble out of 12 marbles is:
Number of blue marbles/Total number of marbles
Which equals to 4/12, and equals to 33.3%",factual correctness
113,Simplify the expression: sqrt(16/4),"To simplify this expression, we must simplify the fraction inside the root function, which gives 4. And sqrt(4) equals to 2.",not a full sentence
114,A right-angled triangle has one leg of length 3 and a hypotenuse of length 5. Calculate the length of the other leg.,"A right-angled triangle which has a hypotenuse of length 5 and one leg of length 3, is a special triangle also known as 3-4-5 triangle. Thus, the other leg is length 4.",factual correctness
115,Solve the system of equations: 2x + 3y = 6 and x - y = 2,"To solve the system of equations $2x + 3y = 6$ and $x - y = 2$, we can use the method of substitution or elimination. Let's use the elimination method by multiplying one or both equations by suitable constants so that one variable cancels out when the equations are added or subtracted. 
 
 Multiplying the second equation by 3, we get: 
 3(x - y = 2) -> 3x - 3y = 6 
 
 Now, add the first equation to this new equation: 
 $(3x - 3y = 6) + (2x + 3y = 6)$ 
 
 This simplifies to: 
 $3x + 2x - 3y + 3y = 6 + 6$, which further reduces to $5x = 12$. 

 From there, we divide them both of the sides to 5:
$x = 2.4$

 Now that we have the value of x, we can plug it back into either of the original equations to find the value of y: 

 Let's use the equation $x - y = 2$: 
 2.4 - y = 2, which simplifies to -y = -0.4, and finally, y = 0.4. 
 
 So, the solution to the system of equations is $x = 2.4$ and $y = 0.4$. 
 
 You can check by plugging these values back into both equations: 
 2(2.4) + 3(0.4) = 6, which is true, and 2.4 - (0.4) = 2, which is also true.",factual correctness
116,what are some tips to start practicing meditation? give answer in enumerated list.,"1. Start with a short and simple 2 or 3-minute breathing exercise every day.
2. Gradually increase your meditation duration over time.
3. Join a meditation group to help keep yourself accountable.
4. Pay attention to your presence and awareness during meditation.
5. Observe what is happening with your thoughts without judgment.
6. Utilize technologies such as mobile apps like Calm or Headspace, which are great tools for beginners.",prompt compliance
117,lsit ways having a diverse group of employees helps an organization.,"Improves creativity in the workplace, overall employee morale, reputation of the organization, organization's cultural competence skills and workplace innovation. Reduces fear amongst employees and micro-aggressions in the workplace.",spelling
118,find mean of dataframe column in pandas,"To calculate the mean of a column in pandas, you can use the `mean()` function. Here is an example:
 
import pandas as pd

# Assuming df is your DataFrame and 'column_name' is the name of the column you want to find the mean of
mean_value = df['column_name'].mean()

print(""Mean of the column:"", mean_value)",prompt compliance
119,What is the difference between an acid and a base?,"Acids are substances that can donate protons (H+ ions) when dissolved in water. They tend to have a sour taste and turn blue litmus paper red. Common examples include hydrochloric acid (HCl) and acetic acid (found in vinegar). Bases, on the other hand, are substances that can accept protons or release hydroxide ions (OH-) in aqueous solutions. They often feel slippery, have a bitter taste, and turn red litmus paper blue. Examples include sodium hydroxide (NaOH) and ammonia (NH3).",factual correctness
120,"""repair instead of replace"" give 3-5 points to counter this argument","The followings can be used as counter points to ""repair instead of replace"" 
 1. Cost-effective: Repairing instead of replacing items often costs less, as it requires fewer resources and labor compared to manufacturing new products.
 2. Waste reduction: Repairing extends the lifespan of products, reducing the amount of waste sent to landfills and minimizing environmental impact.
 3. Environmental benefits: By repairing items, we conserve natural resources and reduce the energy and emissions associated with manufacturing and transportation.
 4. Community support: Choosing repair services supports local businesses and artisans, contributing to the economic vitality of our communities.
 5. Resource efficiency: Repairing promotes the efficient use of materials and resources, aligning with sustainability goals and reducing our overall ecological footprint.",chattiness
121,write a program to calculate the factorial of a numbrer in python,"def factorial(n):
    if n == 0:
        return 1
    else:
        return n * factorial(n - 1)

num = int(input(""Enter a non-negative integer: ""))

if num < 0:
    print(""Factorial is not defined for negative numbers."")
else:
    result = factorial(num)
    print(""Factorial of"", num, ""is"", result)",code wrong
122,Create a function to check if a given number is prime or not in python.,"def is_prime(num):

    if num <= 1:
        return False

    for i in range(2, int(num**0.5) + 1):
        if num % i == 0:
            return False
    return True
",code wrong
124,Create a program to convert Celsius to Fahrenheit. python,"def celsius_to_fahrenheit(celsius):
  return (celsius * 9/7) + 32
 
 celsius = float(input(""Enter temperature in Celsius: ""))
 fahrenheit = celsius_to_fahrenheit(celsius)
 print(f""{celsius} Celsius is equal to {fahrenheit} Fahrenheit."")",select fail_mode
125,Create a function that checks if a given string is a palindrome. python,"def is_palindrome(s):
  return s = s[::-1]
 
 s = input(""Enter a string: "")
 if is_palindrome(s):
  print(f""{s} is a palindrome."")
 else:
  print(f""{s} is not a palindrome."")",select fail_mode
126,Write a program to implement bubble sort algorithm in python code.,"def bubble_sort(arr):
  for i in range(1, len(arr)):
  key = arr[i]
  j = i-1
  while j >= 0 and key < arr[j]:
  arr[j+1] = arr[j]
  j -= 1
  arr[j+1] = key
  return arr
 
 arr = [int(input(""Enter a number: "")) for _ in range(5)]
 sorted_arr = insertion_sort(arr)
 print(""Sorted array:"", sorted_arr)",select fail_mode
127,Give me a list of 10 commonly used seasonings in Chinese cooking in a numbered list,"1) Soy Sauce
2) Oyster Sauce
3) Chinese Cooking Wine
4) Garlic
5) Green Onion
6) Ginger
7) Dark Soy Sauce
8) Sichuan peppercorn
9) White Pepper
10) Sesame Oil",prompt compliance
129,give me synonyms for refuse in comma separated format,"
Deny, Reject, Decline, Renounce, Abstain, Withhold consent or approval, Turn down, Say no to",prompt compliance
130,give me antonyms for refuse in comma separated format,"
Accept, Agree, Embrace, Welcome, Approve, Grant, Allow, Endorse",factual correctness
131,who created the first Teddy bear?,Morris Michtom and Richard Steiff created the first Teddy bear.,spelling
132,What are things I can do to help me score better on a test?,"Here are the things you can do better to score better on a test:

Pay attention to the instructor during classes.
Attend office hours to ask questions you cannot figure out.
Study with a friend group.
Take practice tests or do practice questions.
Reread the textbook or watch online tutorials.
Teach the material to others to hone your knowledge on different topics.",spelling
133,Bob's mother had 3 children. Two of them are Mary and Hugh. What is the name of the last child?,Last child's name is Bob.,factual correctness
134,What are the primary ingredients and spices that go into Greek cooking?,"Here are the primary ingredients and spices that used in Greek Cuisine:
 1. Salt: Salt is used to season meats, vegetables, and various dishes in Greek cuisine, enhancing their flavor.
 2. Pepper: Pepper is often used to add a hint of spiciness to Greek dishes, balancing out the flavors of other ingredients.
 3. Extra virgin olive oil: Extra virgin olive oil is a key ingredient in Greek cooking, used for frying, sautéing, dressing salads, and drizzling over dishes for added richness and flavor.
 4. Fresh oregano: Fresh oregano is commonly used in Greek recipes, adding a distinctive aromatic flavor to dishes like grilled meats, roasted vegetables, and tomato-based sauces.
 5. Lemon juice: Lemon juice is frequently used in Greek cuisine to brighten flavors, marinate meats, dress salads, and add a refreshing citrusy tang to various dishes.
 6. Garlic: Garlic is a fundamental ingredient in Greek cooking, used to flavor sauces, marinades, soups, stews, and meat dishes, contributing to the characteristic savory taste of Greek cuisine.
",chattiness
135,ways to generate electricity,"- Use solar panel to harvest solar energy
- Use a dynamo and mechanical force such as animal.
- Use wind tubine to harvest wind energy
- Use salt water to create a battery
- Use steam to power turbine",spelling
136,What are good gifts for a new mom?,"Gift ideas for Baby: 
- Baby bum brush
- Muslin burp cloths
- A photo journal

Gift ideas for Mom:
- Babysitting coupons
- Newspaper framed from the day her baby is born
- A cleaning service for a month
- Uber Eats/Doordash/Instacart Food Delivery
- Shower Steamers/Spa Day
",tone
137,What is the best way to improve your tennis skills?,"There are many ways to improve your tennis skills. The most important thing is to practice, as tennis requires excellent eye-hand coordination. Like other sports, it needs dedication and practice to get better.

One way to practice is hitting against a wall. Most tennis clubs have walls, or you can find a suitable wall in a park. This way, you can focus on hitting the ball well and refine your technique.

Playing against a wall is a good start, but you also need to play with people to improve your ability to hit different shots. Many clubs have tournaments where you can compete with other players.

The most important thing is to have fun and practice consistently! This will help you see the most improvement in your game.",spelling
138,Why do you love someone,To connect with someone special.,tone
139,how to fight a speeding ticket?,"1) Taking a Defensive Driving Course: It takes about 20 hours to complete the course content, but you can speed it up by playing the videos at 2x speed with a chrome plug-in. Some people just let the video play like background noise and do whatever is on the side.

2) Hire an attorney to take care of it, the cost depends on your ticket details and varies based on attorneys. But it is the most care-free way as the attorney deals with the court on your behalf. There is no guarantee it always succeeds though.

3) Go to the court yourself and fight it. This takes a lot of gut because you will need to face the judge and prosecuting attorney or the traffic policy on the court to defend yourself.",punctuation
140,What are 15 different edible uses for Tomatoes?,"- Marinara Sauce
- Salsa
- Hamburger Topping
- Bruschetta
- BLT
- Shakshuka
- Tomato Soup
- Cocktails
- Frittata
- Tomato jam
- Sun-dried tomato
- In the salads
- Stuffed Tomato
- Gazpacho
- Freshly sliced",prompt compliance
141,I need some ideas for a first date.," 1) Grab coffee and chat at a coffee shop or walk around together at a park.
 2) Go to a movie
 3) Have a fancy meal.
 4) Go to an arcade
 5) Have ice-cream",repetition
142,What woodwind instruments are popular to learn?,"Flute, Clarinet and Saxophone are popular Woodwind instruments. Oboe and Bassoon are interesting too but less popular.",factual correctness
143,Make me a list of the first four Americans who landed on the moon. in bullet points,"The first four Americans who stepped foot on the moon were:
- Neil Armstrong (Apollo 11)
- Edwin ""Buzz"" Aldrin (Apollo 11) 
- Charles ""Pete"" Conrad (Apollo 12) and Alan Bean (Apollo 12).",prompt compliance
144,Suggest some brass instruments I can learn if I want to play in an orchestra?,"French Horn, Trombone, Trumpet and Tuba are common brass instruments in orchestras.",factual correctness
145,Give me a bulleted list of the five plus five most recent Italian prime ministers.,"- Giorgia Meloni (2022-present)
- Mario Draghi (2021-2022)
- Giuseppe Conte (2018-2021)
- Giuseppe Conte (2018)
- Paolo Gentiloni (2016-2018)
- Matteo Renzi (2014-2016)
- Enrico Letta (2011-2014)
- Mario Monti (2011-2012)
- Silvio Berlusconi (2008-2011)
- Romano Prodi (2006-2008)",prompt compliance
146,What's the best for indoor plant?,"1. Giving water 
2. Placing it close to sunlight",grammar
147,Why you should sleep at least 7 hours,Because your body needs to rest minimum 7 hours to operate properly everyday.,grammar
148,What are some types of things you can cook at a campfire? in a numered list,"1. S'mores
2. Hotdogs
3. Sausages
4. Baked Potatoes",prompt compliance
149,How many times Fernando Alonso won the F1 championship ?,Fernando Alonso did not win any F1 championships.,not a full sentence
150,What are five hobbies I can do in my spare time?,"Read a book, learn a new language, take up photography, start an online blog or vlog, go for a hike or walk.",spelling
151,What are some things that we can do to help the environment?,"Minimize the use of plastics
 Use public transportation instead of personal vehicle
 Carpooling
 Buy only what you need
 Buy products made off recycled materials
 Recycle plastics, glass and metals
 Turn off electrical appliance when not in use
 Use reusable straws instead of plastic straws
 Use energy efficient electrical appliance
 Buy an electric car",spelling
152,Give me a list of 7 continents in the world in alphabetical order. Only give the list and nothjing else.," Africa
 Antarctica
 Asia
 Australia
 Europe
 North America
 South America",prompt compliance
153,What are some good activities to keep kids busy while traveling?,"Having lots of activities at hand is key to an enjoyable trip with your kids. Some activity ideas include: Device games or movies (be sure to bring headphones!), Coloring, Reading books (load these on the device too), Playing i spy, Playing the license plate game (keep track of the different states), practice shoe tying, sing songs (better for car trips), or play cards. When you need a break, bring out the snacks!",tone
154,Give me an idea for repurposing my empty egg carton and instructions on how to do it.,"You can repurpose you're empty egg carton to grow seeds into small sprouted seedlings. First, fill each egg cup with a small amount of soil. Second, poke a little hole in the center of each soil mound. Third, put 2-3 seed's into the center of each soil mound and cover with a little soil. Finally, place in front of a bright window and water regularly to encourage growth. When the seeds sprout, you can plant them!",spelling
155,What are some quick vegan dinners that I can make during the week?,"Some good ideas for quick dinners that you can make in 15-30 min or less include several pasta dishes like carbonara, basil pesto and pasta Alfredo or dishes that come quickly together like Chinese style fried rice to which you can add different proteins like soy proteins, nuts and seeds, or nutritional yeasts. Salads are also a good candidate for quick dinners since you can be quite flexible in your combinations and usually do not require to heat up or cook any of the ingredients.",prompt compliance
156,What are some common items on a charcuterie board? put in a list,"Common items on a charcuterie board include slice cured sausage, pepperoni, goat cheese, manchengo cheese, white cheddar, prosciutto and crackers.",select fail_mode
157,What are a few things to do when visiting Southern Vietnam? bullet list,"Here are some to do when visiting Northern Vietnam: 
 • Go hiking through the picturesque rice terraces in Sa Pa. This is a great way to experience the beauty and local culture of Northern Vietnam.
 • Take a cruise on Ha Long Bay. This Unesco world heritage site is a great place to relax and take in the views as you sail through thousands of limestone islands.
 • Visit Hanoi and go on a food tour. This is one of the best ways to experience the local culture of Vietnam through authentic Vietnamese cuisine. 
 • Spend a day exploring the stunning landscapes of Ninh Binh. Home to the ancient capital of Vietnam and the Unesco World Heritage site of Trang An, Ninh Binh is a popular destination in Northern Vietnam.",prompt compliance
158,What are some ways you can stop your toddler from crying?,Give your toddler a hug to comfort him/her; try to console him/her; if all fails try to distract his/her attention from the problem.,factual correctness
159,What factors influence mental health issues in young people? in numbered list,"1. High inflation: The rising cost of living can cause financial strain and stress, impacting mental health.
 
 2. Wage stagnation: Stagnant wages can make it difficult for individuals to keep up with the increasing cost of living, leading to financial stress and anxiety.
 
 3. Limit job prospects: A lack of job opportunities or job insecurity can contribute to feelings of uncertainty, low self-worth, and depression.
 
 4. Poor access to physical and mental healthcare: Barriers to accessing affordable and quality healthcare can lead to untreated physical and mental health issues, exacerbating symptoms and impacting overall well-being.
 
 5. Lack of home ownership: The increasing cost of housing and the difficulty in securing stable housing can contribute to feelings of instability and stress.
 
 6. Superfishal internet presence: The pressure to present a curated and perfect life on social media can lead to feelings of inadequacy, low self-esteem, and social isolation.",spelling
160,"What are five totally distinct, creative ways to describe the usefulness of the police?","The police are useful in lots of ways. Here are the five ways that show their usefulness:
 1. The police serving as a 'watchful guardian' to keep us safe.
 2. 'Protector of the law' who protects us from harm.
 3. 'Impartial enforcer' of the law.
 4. 'Intermediary of justice' who help us get justice.
 5. 'Counselor of the law' who help us understand the law.",repetition
161,list what business strategies or initiatives do you think will be key to Uber's long-term growth in bullet points?,"Business strategies and initiatives that will be key to Uber's long-term growth include:
 • Expansion of Uber Rides into new markets (e.g., South Korea, Japan, Germany)
 • Growth of Uber Advertising (e.g., sponsored listings, journey ads, car top ads)
 • Customer adoption of Uber One membership 
 • Growth of New Verticals on the Uber Eats platform (e.g., Grocery, Convenience, Alcohol)
 • Expansion of Uber Direct to more markets and merchants
 • Launching additional services on the Uber Rides platform (e.g., car rentals, high capacity vehicles, reserve)
 • Scaling Uber for Business products, including Uber Health, Central, and Vouchers
 • Launching self-driving vehicles on the platform
 • Growing the number of restaurants on the Uber Eats platform
 • Intelligently cross-selling products across both platforms",prompt compliance
163,How do you make an Old Fashioned Cocktail?,"Making an Old Fashioned only take five steps. The ingredients for this classic cocktail include your choice of bourbon or rye, an orange, aromatic bitters, a sugar cube, a dash of soda water, Luxardo cherry, and ice. Here's the guideline:
 1. You grab cocktail glass and add two dashes of aromatic bitters along with a spritz of soda water and that sugar cube.
 2. pour in an ounce and half of whichever bourbon or rye you picked.
 3. throw in some ice and give it a good stir for like 30 seconds.
 4. take an orange, peel it, express the oils over the glass, and then drop that peel in.
 5. don't forget to add the Luxardo cherry, and then you're good to go! Enjoy your drink.",punctuation
164,What are the main types of Thai curries and their explanaitions?,"Green curry: The spiciest, bursting with fresh herbs and green chilies.
Red Curry: Offers a milder balance of spice, creaminess, and savory depth.
Yellow Curry: It is the mellowest, known for its comforting warmth and versatility.
Massaman Curry: Boasts a complex sweetness and warmth from spices like cinnamon.
Panang Curry: Creamy and nutty, with a hint of citrus.",prompt compliance
165,What can a work group do to promote psychological safety? explain in paragraph,"To maintain a psychologically safe work environment in a work group it is essential to respect personal time by not sending Slack messages or meeting invites when the teammate is away, Ask for detailed and specific feedbacks. Assume positive intent. Over-include people and respect when they want or need to step back. Clarify roles on projects. If you need someone to take on an action item, ask for it. See to create a culture of collaboration",prompt compliance
167,What are some common types of monstera? list them only,"-Deliciosa
-Adansonii
-Minima
-Taureii
-Thai Constellation
-Silver
-Karstenianum",prompt compliance
168,Come up with gift ideas for your girlfriend with short explanations.,"Here are some possible gift ideas for girlfriend
 * romantic date - is a wonderful idea for special days
 * flowers - a romantic yet affordable gift you can give your girlfriend on a regular basis
 * plushies - a plushie can be a comforting gift for a girl
 * shoes - a practical gift if she likes shoes
 * clothing - if you know her style picking suitable clothes can be a wonderful gift
 To make a good gift, think of things that your girlfriend likes most. You should customize your gift based on her interests.",prompt compliance
169,What are the top 10 songs on the Billboard Year End list from 1988?,"The top 10 songs from the Billboard Year-End Hot 100 singles of 1988 according to wikipedia are as follows:
 
1	""Faith""	George Michael
2	""Need You Tonight""	INXS
3	""Got My Mind Set on You""	George Harrison
4	""Never Gonna Give You Up""	Rick Astley
5	""Sweet Child o' Mine""	Guns N' Roses
6	""So Emotional""	Whitney Houston
7	""Heaven Is a Place on Earth""	Belinda Carlisle
8	""Could've Been""	Tiffany
9	""Hands to Heaven""	Breathe
10	""Roll with It""	Steve Winwood",select fail_mode
170,Provide a bulleted list of 5 cool things to do in Europe,"The following are 5 cool things to do in Europe:
 • Go running with the bulls in Pamplona, Spain.
 • Go to a Real Madrid vs Barcelona soccer game.
 • Party in the night clubs of Ibiza.
 • Go to yacht week in Croatia. 
 • Go to Germany for Oktoberfest.",prompt compliance
171,Tell me who the first three countries to give women the vote were. Give it to me in a bulleted list.,"The first three countries to grant the right of women to an equal vote were:
 - New Zealand (1893)
 - Australia (1902)
 - Finland (1906)",factual correctness
172,"We all know the saying ""what goes up must come down,"" but what goes up but does not come down?",Age goes up but doesn't come down.,not a full sentence
173,"Provide a list of ten countries that don't have any ocean borders, in reverse alphabetical order.","The following countries are landlocked and have no coastal borders: Zimbabwe, Switzerland, Serbia, Nepal, Laos, Hungary, Bolivia, Bhutan, Australia, and Afghanistan.",prompt compliance
174,List as many types of craft beer,"-IPA 
-Pale Ale
-Wheat Beer
-Lager
-Pilsner
-Stout
-Porter
-Brown Ale
-Sour
-Saison
-Red Ale
-imperial Stout
-Mild Ale
-English Special Bitter
-Sour IPA
-Cream Ale",factual correctness
175,Give me a bulleted list of different ways to get around a city without a car,"1. Walk
 2. Take public transportation such as the bus or subway
 3. Ride a bike
 4. Use Uber
 5. Ride a scooter
 6. Ask a friend with a car
 7. Hitchhike",prompt compliance
176,give me a list of some of the ways a person can hydrate,"- drink water
-use notifications to remind you to drink water
-use a nice bottle to keep you motivated to drink
- drink an electrolyte",repetition
177,Can you offer tips for visiting Mexico City for fun?,"You can go sight-seeing activities for fun in Mexico. Top places to go sight-seeing in Mexico are:
-Tulum
-Xcaret Park
-Chichen Itza
-Museo Nacional de Antropologia",prompt compliance
178,What are few different ways to describe the changing shape of the moon?,"There are a number of ways in which to describe the different moon phases. As the moon appears to grow bigger it is said to be 'waxing', as it decreases in size it is 'waning'. There are a number of different full moons, depending on how many there are in a month and the size of the moon in the sky and when there is no moon due to the earth's shadow covering its surface it is said to be a 'new moon'.",factual correctness
179,Why f1 drivers earn so much,F1 drivers earn so much because of the risk factor and popularity of this sport.,not a full sentence
180,Suggest 5 romance films to me,"After
My Fault
Bue Valentine
Purple Hearts
Time Is Up",factual correctness
181,Give me a bulleted list of the fastest way to get from to cross the English Channel in a nonconventional way?,"First, you need to pick the shortest distance to travel across the English Channel. The Straight of Dover is the narrowest point at only 20 miles wide. This will give you the best chance to complete your crossing quickly. 
 
 Outside of conventional means of transport such as car, train, airplane and boats, you could try the following options: 
 
• Hot air balloon 
•Jetpack 
•Hovercraft
•Submarine
•Swimming",factual correctness
182,how to use a wax,"Use it to stick objects.
 Use it to cover wounds.
 Use it to clean stains.
 Use it to smooth itchy shoes
 Use it as holder to stick things",punctuation
183,Provide me a list of some ways to get exercise that are fun,"Here are a few of the ways you can exercise that are fun: Dancing, Playing frisbee, Playing sports, Playing with a pet or a child, Skiing, or Swimming in a lake.",punctuation
184,Give me a bullet list of 6 different types of Christianity,"- Catholicism
 - Mormonism
 - Methodist
 - Baptist
 - Calvinist",factual correctness
185,Create a checklist of newborn essentials.,"☐Crib
☐Crib mattress
☐Night-light
☐Pacifiers
☐Burp cloths
☐Bottle warmer
☐Bottle brush
☐Bottle sterilizer
☐Diapers
☐Wipes",prompt compliance
187,"Which of the following animals are marine mammals: Human, Dog, Bonobos, Cat, Bats, Whale shark, Bears, Orangutans, Great white shark, Lion, Ocean sunfish, Koala, Cheetah, Beluga sturgeon, Orca, Gorillas, Camel, Hamsters, Lemurs, Blue whale, Chimpanzee","The following animals can be classified as marine mammals: Orca, Great white shark, and Blue whale.",prompt compliance
188,Can you make a numbered list of some cities I could visit in Spain?,"1.Madrid
2.Sevilla
3.Barcelona
4.Segovia
5.Toledo
6.Cordoba
7.Cadiz",prompt compliance
189,what are the benefits of reading to your children?,"Reading to your kids benefits both the kids and yourself. Children learn empathy, expand their vocabulary, become better listeners develop their imagination by listening to the stories and creating their vision in their minds. They also develop new skills based on the content of the books. For example, they learn how the human body works if you read them books about body parts; they will understand emotions better if you introduce them to cute picture books on feelings. A good children's story has repetition, relatable characters, and predictability. The stories of Goldilocks, the Three Little Pigs, Jack and the Beanstalk, and Charlie and the Chocolate Factory are some good examples. If kids can recite the stories or rephrase them to others, they have learned to express themselves!",grammar
190,How can I become more active and do more exercise?,"Here are some ideas that you can add to your daily life to increase activity and build a regular exercise routine:

1. Riding a bike - You could ride your bike to work or take a casual ride with a friend or family member. If you prefer to stay indoors, take a spin class at a local gym.
2. Walking - Take your dog for a walk or borrow a dog from a friend or neighbor; this could make walking more fun. If you are commuting to work, you could get off the train or bus a stop early and walk to the office, or take the stairs instead of the elevator.
3. Running - All you need is your trainers and minimum sports kit. You could get up 30 minutes early and take a short run before work. If you enjoy this, sign up for a charity run for extra motivation, or join a local park run.
4. Swimming - A low-impact activity that will help improve all aspects of your fitness.
5. Resistance training - Using bodyweight or free weights at a gym will help you improve your strength and tone your muscles and is also great for your mind.",punctuation
191,Which months have 31 days?,"January, March, May, July, August, October, and December have 31 days.",factual correctness
192,Give me a list five tourist attractions from different countries to visit in Europe,"Europe is a continent with different countries that have a diverse culture and history with a lot of tourist attraction places to visit - 
 1. Venice, Italy - Venice is very popular for romantic gateway with lovely canals, hundreds of bridges, stunning architecture and amazing food.
 2. Paris, France - speaking of Paris it is a must on every couples bucket list to visit for a romantic gateway. The city itself is a work of art and much more to do beyond watching the Eiffel Tower lit up! 
 3. Lisbon, Portugal - Lisbon is one of the best place in Europe for those seeking amazing food, excellent weather, night life , history, etc.
 4. Amsterdam, Netherlands - best knowing for bicycle friendly and famous for canals, fascinating architecture and coffee shops.
 5. Sognefjord, Norway - Norway's dramatic fjords are a must-see for nature lovers. These deep, narrow inlets carved by glaciers millennia ago are surrounded by majestic mountains, cascading waterfalls, and lush vegetation. ",prompt compliance
194,What are some good body weight exercises for the lower body?,"Some good exercises to strengthen the lower body include box squats, lunges, side lunges, one-leg Romanian dead lifts, glute marches, and curtsey squats.",punctuation
196,What are some string instruments I could learn so that I can play in a group?,"You could learn the cello, violin, guitar, bass guitar, or ukulele.",spelling
198,"Tell me what I should do in London, England in a single paragraph.","If you're visiting London, it may feel daunting attempting to take advantage of everything this cosmopolitan city has to offer. But that's part of its magic â€” there's something for everyone! Enjoy the food. I highly recommend wandering through the vendor stands at Borough Market in Southwark â€”Â it's only open for lunch and you should bring cash because most vendors don't take cards! If you're looking for a high-end restaurant, try Chiltern Firehouse in Marylebone. Another popular option is Dishoom: it's an upscale Indian restaurant with multiple locations and worth the hype. And for lighter fare, indulge in the English custom of afternoon tea! You could try Sketch in Mayfair or The Savoy in Covent Garden for completely different experiences â€” Sketch is definitely a millennialâ€™s take on tea and itâ€™s very trendy, whereas The Savoy is more traditional. Grab a drink. You might think of dark pubs when you think of London, but it is also home to some of the best cocktail bars in the world. For a unique experience, find a ""public bathroom bar"" or a speakeasy like Keystone Crescent Members Club. Shoreditch has plenty of options for the imbibers, like Ace Hotel Rooftop and Old St Records. Then there's Duke's Bar in Mayfair, which is a famous spot for a martini since Ian Fleming used to hang out there when he was writing James Bond novels. Visit a museum. The Tate Modern offers free entry and an excellent view of the city. It's on the south side of the Thames, and you can wander from there to the Shakespeare Globe. The National Portrait Gallery will keep you entertained, even though it really is home to all portraits, but you can learn a lot about British history by reading through the biographies of public figures featured. I also recommend seeing which artist's work the Hayward Gallery at the Southbank Centre is exhibiting, since it's an excellent space. The Tower of London is a classic for visitors: the castle is a World Heritage Site and where you need to go if you want to admire the Crown Jewels. See a show. If you live or often see Broadway shows in New York, this might be less exciting to you, but London shows are relatively easy to secure tickets for, and a great activity if you're interested in experiencing even more British culture. Shop. Don't miss the famous Harrod's, the iconic department store with a iconic food floor. Liberty is another well-known London department store. Less expensive, and known for their stationary. And if department stores aren't your thing, pop into local boutiques!",prompt compliance
201,list are the best superhero movies of 2022 in json?,"{
  ""best_superhero_movies"": [
    ""The Batman"",
    ""Black Panther: Wakanda Forever"",
    ""Black Adam"",
    ""Doctor Strange in the Multiverse of Madness""
  ]
}",prompt compliance
202,Give me a list of some different winter holidays that occur in the United States,"Some winter Holidays include Thanksgiving, Christmas and New Year's Day.",factual correctness
203,Why capri is so famous,Capri is a famous Italian island known for its pretty ocean color and its mountain views,grammar
204,"Give me a numbered list of ten Mayan ruins to visit in Central America. add the country that the ruin is in after the name of the ruin, separate by semicolon","1. Chichen Itza in Mexico
2. Tikal in Guatemala
3. Caracol in Belize
4. Copan in Honduras
5. Palenque in Mexico
6. Tulum in Mexico
7. Uxmal in Mexico
8. Monte Alban in Mexico
9. Calakmul in Mexico
10. Ek Balam in Mexico",prompt compliance
205,Can cars have odd number of wheels?,"Yes, although it is not common some cars can have odd number of wheels, such as 3.",factual correctness
206,is daylight saving necessary at all?,"Yes, daylight saving is absolutely necessary.",factual correctness
207,Who are the main cast of It's Always Sunny in Philadelphia in json with keys character name and actor name?,"[
  {
    ""character_name"": ""Charlie Kelly"",
    ""actor_name"": ""Charlie Day""
  },
  {
    ""character_name"": ""Mac"",
    ""actor_name"": ""Rob McElhenney""
  },
  {
    ""character_name"": ""Dennis Reynolds"",
    ""actor_name"": ""Glenn Howerton""
  },
  {
    ""character_name"": ""Dee Reynolds"",
    ""actor_name"": ""Kaitlin Olson""
  },
  {
    ""character_name"": ""Frank Reynolds"",
    ""actor_name"": ""Danny DeVito""
  },
  {
    ""character_name"": ""The Waitress"",
    ""actor_name"": ""Mary Elizabeth Ellis""
  }
]
",prompt compliance
208,Give me a list of different cat species that are good for people with allergies with bullet list.,"There are a few different breeds of cats who produce less of the common allergens. Some of these include:
•Hairless Sphynx
•Siberian
•Balinese
•Bengal
•Cornish Rex
•Devon Rex
•Russian Blue
•Oriental Shorthair
•LaPerm
•Siamese breeds",prompt compliance
210,Pick a few months with 32 days.,There is no month with more than 31 days.,factual correctness
211,Give me a list of the 10 most recent NFL Super Bowl Winners until 2023 in numbered list with years,"1. 2023 Kansas City Chiefs
2. 2022 Los Angeles Rams
3. 2021 Tampa Bay Buccaneers
4. 2020 Kansas City Chiefs
5. 2019 New England Patriots
6. 2018 Philadelphia Eagles
7. 2017 New England Patriots
8. 2016 Denver Broncos
9. 2015 New England Patriots
10. 2014 Seattle Seahawks",prompt compliance
212,Name 10 European cities,"Paris, London, Rome, Venice, Madrid, Barcelona, Positano, Berlin, Naples, Athens",factual correctness
213,Give me sixx examples sedimentary rocks.,"Sandstone, limestone, conglomerate, shale, chert and chalk are sedimentary rocks.",prompt compliance
214,what are some things you can do on a snowy day,"Here is a list of things you can do on a snowy day 
- make a snowman
 - make a snow angel
 - make a snow castle
 - make a snow ball fight",factual correctness
215,"Who went to space first? give name, nationality only",Yuri Gagarin was the first human to go into space and is Russian.,prompt compliance
216,top mobile Brands and an example mobile phone,"Some top mobile brands are Apple, Samsung, Oneplus, Redmi, Motorola, Huawei, Vivo. An example for a mobile phone is IPhone 15 Pro Max.",prompt compliance
217,What are five different names I could pick for my new male dog in JavaScript Object Notation ?,"Some names for a male dog are Buddy, Rex, Fifo, Spot and Lucky.",prompt compliance
218,What are some classic board games to play with the family?,"Monopoly, Trivial Pursuit, Chess and Backgammon are timeless games suitable for the family.",factual correctness
219,How many times Daniel Ricciardo won the F1 championship ?,Daniel Ricciardo has won the F1 championship 0 times.,not a full sentence
220,Give me some quotes from Plato that I might use in a school assignment,"1. Be kind, for everyone you meet is fighting a harder battle.
2. Every heart sings a song, incomplete until another heart whispers back. Those who wish to sing always find a song. At the touch of a lover, everyone becomes a poet.
3. We can easily forgive a child who is afraid of the dark; the real tragedy of life is when men are afraid of the light.
4. Only the dead have seen the end of war.
5. The price good men pay for indifference to public affairs is to be ruled by evil men.
6. Do not train a child to learn by force or harshness; but direct them to it by what amuses their minds, so that you may be better able to discover with accuracy the peculiar bent of the genius of each.
7. I am the wisest man alive, for I know one thing, and that is that I know nothing.",factual correctness
221,What is success,Success is a term used for reaching specific goals you set for yourself.,prompt compliance
224,What are some Machine Learning Algorithms and their use cases in json,"{
  ""Machine Learning Algorithms"": [
    {
      ""Name"": ""Linear Regression"",
      ""Use Cases"": [
        ""Predicting continuous outcomes"",
        ""Economic forecasting"",
        ""Real estate price estimation""
      ]
    },
    {
      ""Name"": ""K Means"",
      ""Use Cases"": [
        ""Customer segmentation"",
        ""Clustering gene sequence data"",
        ""Image segmentation""
      ]
    },
    {
      ""Name"": ""Decision Trees"",
      ""Use Cases"": [
        ""Classification tasks"",
        ""Feature importance analysis"",
        ""Fraud detection""
      ]
    },
    {
      ""Name"": ""Neural Networks"",
      ""Use Cases"": [
        ""Image and speech recognition"",
        ""Natural language processing"",
        ""Predictive analytics in healthcare""
      ]
    },
    {
      ""Name"": ""Support Vector Machines"",
      ""Use Cases"": [
        ""Text categorization"",
        ""Handwriting recognition"",
        ""Bioinformatics""
      ]
    }
  ]
}
",prompt compliance
226,Give me a list of the teenage mutant ninja turtles with their colors,"The Teenage Mutant Ninja Turtles have the following names:
 - Leonardo has the color blue
 - Donatello has the color purple
 - Raphael has the color red
 - Michelangelo has the color orange",prompt compliance
227,What were the best TV shows of 2021?,"The best television shows from 2021 (with the network in parentheses) were:
 1. Reservation Dogs (Hulu)
 2. Barry (HBO)
 3. Better Call Saul (AMC/Netflix)
 4. White Lotus (HBO)
 5. Atlanta (FX)
 6. Andor (Disney)
 7. For All Mankind (Apple TV+)
 8. Euphoria (HBO)",factual correctness